{
  "metrics": {
    "CRR": 47.14285714285714,
    "CSR": 32.432432432432435,
    "ARSR": 15.151515151515152,
    "RFR": 0.0,
    "USR": 74.28571428571429,
    "Coverage": 24.285714285714285
  },
  "outcomes": {
    "ambiguous": {
      "pass": 5,
      "fail": 0,
      "unsupported": 28,
      "error": 0,
      "invalid": 0
    },
    "clear": {
      "pass": 12,
      "fail": 1,
      "unsupported": 24,
      "error": 0,
      "invalid": 0
    },
    "global": {
      "pass": 17,
      "fail": 1,
      "unsupported": 52,
      "error": 0,
      "invalid": 0
    }
  }
}