{
  "metrics": {
    "CRR": 48.57142857142857,
    "CSR": 30.555555555555557,
    "ARSR": 17.647058823529413,
    "RFR": 0.0,
    "USR": 74.28571428571429,
    "Coverage": 24.285714285714285
  },
  "outcomes": {
    "ambiguous": {
      "pass": 6,
      "fail": 0,
      "unsupported": 28,
      "error": 0,
      "invalid": 0
    },
    "clear": {
      "pass": 11,
      "fail": 1,
      "unsupported": 24,
      "error": 0,
      "invalid": 0
    },
    "global": {
      "pass": 17,
      "fail": 1,
      "unsupported": 52,
      "error": 0,
      "invalid": 0
    }
  }
}