{
  "metrics": {
    "CRR": 48.57142857142857,
    "CSR": 88.88888888888889,
    "ARSR": 88.23529411764706,
    "RFR": 33.33333333333333,
    "USR": 0.0,
    "Coverage": 88.57142857142857
  },
  "outcomes": {
    "ambiguous": {
      "pass": 30,
      "fail": 4,
      "unsupported": 0,
      "error": 0,
      "invalid": 0
    },
    "clear": {
      "pass": 32,
      "fail": 4,
      "unsupported": 0,
      "error": 0,
      "invalid": 0
    },
    "global": {
      "pass": 62,
      "fail": 8,
      "unsupported": 0,
      "error": 0,
      "invalid": 0
    }
  }
}