{
  "metrics": {
    "CRR": 48.57142857142857,
    "CSR": 86.11111111111111,
    "ARSR": 88.23529411764706,
    "RFR": 35.714285714285715,
    "USR": 0.0,
    "Coverage": 87.14285714285714
  },
  "outcomes": {
    "ambiguous": {
      "pass": 30,
      "fail": 4,
      "unsupported": 0,
      "error": 0,
      "invalid": 0
    },
    "clear": {
      "pass": 31,
      "fail": 5,
      "unsupported": 0,
      "error": 0,
      "invalid": 0
    },
    "global": {
      "pass": 61,
      "fail": 9,
      "unsupported": 0,
      "error": 0,
      "invalid": 0
    }
  }
}