{
  "metrics": {
    "CRR": 24.285714285714285,
    "CSR": 15.09433962264151,
    "ARSR": 41.17647058823529,
    "RFR": 0.0,
    "USR": 1.4285714285714286,
    "Coverage": 21.428571428571427
  },
  "outcomes": {
    "ambiguous": {
      "pass": 7,
      "fail": 0,
      "unsupported": 1,
      "error": 0,
      "invalid": 9
    },
    "clear": {
      "pass": 8,
      "fail": 1,
      "unsupported": 0,
      "error": 0,
      "invalid": 44
    },
    "global": {
      "pass": 15,
      "fail": 1,
      "unsupported": 1,
      "error": 0,
      "invalid": 53
    }
  }
}