{
  "metrics": {
    "CRR": 51.42857142857142,
    "CSR": 35.294117647058826,
    "ARSR": 16.666666666666664,
    "RFR": 0.0,
    "USR": 72.85714285714285,
    "Coverage": 25.71428571428571
  },
  "outcomes": {
    "ambiguous": {
      "pass": 6,
      "fail": 0,
      "unsupported": 30,
      "error": 0,
      "invalid": 0
    },
    "clear": {
      "pass": 12,
      "fail": 1,
      "unsupported": 21,
      "error": 0,
      "invalid": 0
    },
    "global": {
      "pass": 18,
      "fail": 1,
      "unsupported": 51,
      "error": 0,
      "invalid": 0
    }
  }
}